puzzle_size,total_word_count,word_count,dictionary_load_time,search_time,time_per_word,word_lookups,total_time
2,12,3,0.13309907913208008,0.0003428459167480469,0.00011428197224934895,52,0.13344812393188477
3,83,49,0.07927393913269043,0.0007772445678710938,1.5862134038185585e-05,988,0.0800631046295166
4,146,95,0.07789111137390137,0.0014379024505615234,1.5135815269068668e-05,2411,0.07934689521789551
5,329,223,0.07688784599304199,0.0025594234466552734,1.1477235186794948e-05,4810,0.07947707176208496
6,390,248,0.07781195640563965,0.003696918487548828,1.4906929385277533e-05,6438,0.0815439224243164
7,705,442,0.07870888710021973,0.00593113899230957,1.3418866498437942e-05,10790,0.08471179008483887
8,1404,929,0.07752227783203125,0.011389017105102539,1.2259437142198642e-05,22215,0.08904314041137695
9,2175,1382,0.10501408576965332,0.03767800331115723,2.7263388792443725e-05,36097,0.14302992820739746
10,3195,1977,0.07995080947875977,0.026653289794921875,1.3481684266525986e-05,52840,0.10698294639587402
11,4142,2424,0.08173894882202148,0.03549528121948242,1.4643267829819482e-05,70658,0.11765813827514648
12,5466,2899,0.07959103584289551,0.04797101020812988,1.6547433669586023e-05,91619,0.1281290054321289
13,6581,3318,0.08740401268005371,0.06749224662780762,2.0341243709405552e-05,113483,0.15549707412719727
14,8101,3714,0.08980298042297363,0.0790247917175293,2.1277542196426845e-05,137885,0.1694169044494629
15,10095,4232,0.0868830680847168,0.09783101081848145,2.311696852988692e-05,171552,0.18542122840881348
16,12824,4864,0.08857011795043945,0.11194896697998047,2.301582380344993e-05,214864,0.20130515098571777
17,16052,5745,0.07987833023071289,0.12989473342895508,2.2610049334892093e-05,262631,0.2108442783355713
18,18016,6281,0.07647395133972168,0.1498720645904541,2.3861178887192183e-05,301399,0.22745609283447266
19,19968,6747,0.08872032165527344,0.17601990699768066,2.6088618200338026e-05,335359,0.2659482955932617
20,21779,7256,0.08917713165283203,0.20028901100158691,2.7603226433515286e-05,372753,0.2908210754394531
21,24491,7833,0.10631704330444336,0.2109076976776123,2.6925532704916674e-05,414589,0.31867074966430664
22,26908,8404,0.0784759521484375,0.22591400146484375,2.6881723163355993e-05,458932,0.30609798431396484
23,29188,8962,0.08040118217468262,0.2493729591369629,2.7825592405374124e-05,502879,0.3314802646636963
24,31955,9715,0.0789189338684082,0.2670252323150635,2.748587054195198e-05,548939,0.3477010726928711
25,34507,10286,0.0786440372467041,0.2904019355773926,2.823273727176673e-05,595204,0.3710141181945801
26,36718,10690,0.07539820671081543,0.313568115234375,2.9332845204338165e-05,640163,0.39106106758117676
27,38856,11084,0.07949376106262207,0.33352017402648926,3.0090235837828333e-05,683665,0.41517090797424316
28,40960,11464,0.0779421329498291,0.35600900650024414,3.105451905968634e-05,725709,0.4364030361175537
29,43509,12092,0.07870078086853027,0.3774900436401367,3.121816437645854e-05,772472,0.4587259292602539
30,46462,12663,0.07711410522460938,0.4030647277832031,3.183011354206769e-05,823114,0.4828159809112549
31,49655,13259,0.07973003387451172,0.4310760498046875,3.251195790064767e-05,883569,0.5135970115661621
32,53360,13879,0.07625484466552734,0.4619300365447998,3.328265988506375e-05,948715,0.5409767627716064
33,56780,14515,0.10764789581298828,0.5023059844970703,3.460599273145507e-05,1019393,0.6131448745727539
34,60914,15262,0.0843360424041748,0.5451679229736328,3.5720608240966637e-05,1091023,0.6330630779266357
35,64471,15819,0.08462285995483398,0.5860381126403809,3.7046470234552174e-05,1158937,0.6742050647735596
36,67883,16325,0.2008068561553955,0.6695060729980469,4.1011091760982965e-05,1221219,0.8743448257446289
37,72254,16936,0.08391284942626953,0.6551470756530762,3.8683696011636524e-05,1296421,0.7429318428039551
38,76447,17410,0.08454680442810059,0.695641279220581,3.995642040324992e-05,1377650,0.7842869758605957
39,81238,18048,0.08046102523803711,0.7637403011322021,4.2317170940392404e-05,1465911,0.8489701747894287
40,85957,18614,0.08530688285827637,0.7649252414703369,4.10940819528493e-05,1555462,0.8546741008758545
41,91381,19124,0.08205008506774902,0.8091778755187988,4.231216667636472e-05,1644437,0.8956589698791504
42,96377,19664,0.09120893478393555,0.8917698860168457,4.5350380696544226e-05,1729664,0.988055944442749
43,100612,20141,0.07934093475341797,0.9193589687347412,4.564614312768687e-05,1810080,1.0038669109344482
44,104370,20631,0.07693004608154297,0.9495198726654053,4.6023938377461357e-05,1881703,1.03159499168396
45,108355,21187,0.11356306076049805,0.9962749481201172,4.702293614575528e-05,1955106,1.115135908126831
46,112791,21578,0.1405181884765625,1.0326850414276123,4.7858237159496355e-05,2038528,1.178948163986206
47,118118,22096,0.08178591728210449,1.1457841396331787,5.1854821670581945e-05,2134783,1.2340540885925293
48,123192,22561,0.08409476280212402,1.122826099395752,4.976845438569886e-05,2229042,1.2133517265319824
49,128814,23139,0.08561205863952637,1.2825429439544678,5.542776022967578e-05,2328184,1.3766632080078125
50,134842,23652,0.09941601753234863,1.2416720390319824,5.249754942634798e-05,2436651,1.3481218814849854
51,140611,24147,0.08089804649353027,1.2942941188812256,5.360061783580675e-05,2541494,1.382171869277954
52,146472,24641,0.09621500968933105,1.3557512760162354,5.502014025470701e-05,2650829,1.4605822563171387
53,152348,25298,0.10150814056396484,1.3708198070526123,5.4186884617464315e-05,2764948,1.4800240993499756
54,159075,25942,0.07953405380249023,1.4199891090393066,5.473707150718166e-05,2886856,1.507741928100586
55,166273,26403,0.0802769660949707,1.467555046081543,5.558289005346146e-05,3015628,1.556142807006836
56,172297,26840,0.07948184013366699,1.6318612098693848,6.0799597983211056e-05,3133525,1.720501184463501
57,177834,27312,0.082061767578125,1.6076819896697998,5.886357607168277e-05,3240937,1.69899582862854
58,183107,27728,0.11739397048950195,1.7033450603485107,6.143050563865085e-05,3340899,1.8378710746765137
59,189705,28192,0.10352730751037598,1.7248749732971191,6.118313611297954e-05,3451801,1.837942123413086
60,196010,28622,0.07665085792541504,1.7891530990600586,6.250971626930538e-05,3567053,1.8756239414215088
61,203329,29149,0.07751870155334473,1.8720362186431885,6.422299971330709e-05,3697093,1.9597008228302002
62,211138,29680,0.08156085014343262,1.9076120853424072,6.4272644384852e-05,3833043,1.9997341632843018
63,218482,30181,0.0791177749633789,1.9558830261230469,6.48051100401924e-05,3965869,2.0455358028411865
64,225585,30703,0.07870197296142578,1.9800939559936523,6.44918723249732e-05,4092945,2.0690338611602783
65,231294,31114,0.07548403739929199,2.028426170349121,6.519335894931931e-05,4204824,2.1144180297851562
66,237750,31511,0.08281707763671875,2.08880615234375,6.628815817789819e-05,4319830,2.182750940322876
67,245676,31949,0.0804297924041748,2.1641931533813477,6.773899506655443e-05,4457928,2.2560548782348633
68,255605,32418,0.07671689987182617,2.242215871810913,6.91657681476622e-05,4621497,2.3307318687438965
69,265535,32946,0.07828998565673828,2.3426320552825928,7.11052041304739e-05,4788648,2.432720184326172
70,275515,33491,0.10866785049438477,2.398883104324341,7.162769413646475e-05,4953101,2.5205469131469727
71,284883,33940,0.07955098152160645,2.5086090564727783,7.39130541093924e-05,5117678,2.6022939682006836
72,293347,34356,0.0790262222290039,2.619966983795166,7.625937198146367e-05,5266907,2.712733268737793
73,301805,34800,0.08253312110900879,2.6475107669830322,7.60778956029607e-05,5417786,2.7442471981048584
74,310102,35194,0.07768511772155762,2.7165780067443848,7.71886687146782e-05,5567063,2.808610200881958
75,319001,35693,0.07680392265319824,2.7957091331481934,7.832653834500304e-05,5721466,2.8876779079437256
76,326582,36102,0.08033585548400879,2.947239875793457,8.163647099311554e-05,5866591,3.044300079345703
77,334840,36635,0.08540010452270508,3.0555782318115234,8.34059842175931e-05,6019724,3.1558573246002197
78,344284,37181,0.07953810691833496,3.005052089691162,8.082225033461074e-05,6188726,3.1032650470733643
79,354057,37738,0.07743310928344727,3.0906639099121094,8.189792543092134e-05,6370900,3.1849961280822754
80,365387,38388,0.08667421340942383,3.1967060565948486,8.327357654982934e-05,6568978,3.3002500534057617
81,375226,38801,0.07955789566040039,3.2824981212615967,8.45982866746114e-05,6752497,3.3790929317474365
82,384301,39156,0.10291600227355957,3.363629102706909,8.590328692172105e-05,6926246,3.483828067779541
83,393664,39628,0.07983112335205078,3.4515271186828613,8.70981911447174e-05,7095689,3.550036907196045
84,402303,40045,0.07629585266113281,3.5957560539245605,8.979288435321664e-05,7261491,3.6924538612365723
85,411897,40548,0.08355402946472168,3.6498067378997803,9.001200399279324e-05,7432689,3.75311279296875
86,421913,41055,0.07688522338867188,3.7060887813568115,9.027131363675099e-05,7612456,3.805178165435791
87,431775,41489,0.08211493492126465,3.8693370819091797,9.326175810236882e-05,7786900,3.9723458290100098
88,442948,41936,0.07942390441894531,3.943976879119873,9.404752191720415e-05,7973519,4.045332908630371
89,452632,42324,0.09002804756164551,4.0333099365234375,9.52960480229524e-05,8150288,4.144374132156372
90,463830,42706,0.07706594467163086,4.05694317817688,9.499703035116564e-05,8345287,4.154534101486206
91,473748,43017,0.07927608489990234,4.146202802658081,9.638521520929123e-05,8530162,4.246617078781128
92,484749,43519,0.07909917831420898,4.243363857269287,9.750600558995581e-05,8727923,4.344316244125366
93,494946,43969,0.07667708396911621,4.339181900024414,9.868730014383802e-05,8919695,4.437669992446899
94,504811,44347,0.10326218605041504,4.406409978866577,9.93620758758558e-05,9102618,4.53488826751709
95,515077,44747,0.07792305946350098,4.508065938949585,0.00010074565756250888,9289176,4.609521865844727
96,526823,45173,0.07625222206115723,4.59928297996521,0.00010181486684446926,9496314,4.700465202331543
97,538123,45577,0.07893490791320801,4.698629140853882,0.00010309211095188103,9701567,4.801869869232178
98,548976,45945,0.0810549259185791,4.868580102920532,0.00010596539564523957,9906133,4.975609064102173
99,560381,46355,0.0767359733581543,4.928608179092407,0.00010632311895356288,10113422,5.0351340770721436
100,571057,46743,0.0890340805053711,5.017650127410889,0.00010734548761121213,10311493,5.132745027542114
101,583862,47119,0.07754278182983398,5.22810697555542,0.00011095538902683462,10527442,5.331538915634155
102,596837,47653,0.08533596992492676,5.210547924041748,0.00010934354445767838,10764914,5.322202682495117
103,609398,48113,0.07886695861816406,5.611835956573486,0.00011663866224458018,10996309,5.718816041946411
104,621963,48530,0.08171701431274414,5.421946048736572,0.00011172359465766685,11221416,5.530620098114014
105,634495,48974,0.08128905296325684,5.519721984863281,0.00011270719126196107,11448147,5.629199981689453
106,647249,49323,0.1082301139831543,5.679898023605347,0.00011515718880857504,11682837,5.818048000335693
107,658920,49659,0.08068704605102539,5.753709077835083,0.00011586437660514877,11900017,5.864242315292358
108,670411,49974,0.0827488899230957,5.870212078094482,0.00011746532353012531,12112333,5.9836790561676025
109,681020,50230,0.08311128616333008,5.98622989654541,0.00011917638655276548,12319863,6.100379228591919
110,691603,50479,0.08179187774658203,6.080454349517822,0.00012045512687489495,12511589,6.192765235900879
111,704452,50828,0.07778692245483398,6.3971171379089355,0.0001258581320907558,12723675,6.506963014602661
112,717603,51176,0.07596707344055176,6.289214849472046,0.0001228938340134447,12954894,6.398194074630737
113,729797,51529,0.07866430282592773,6.390548944473267,0.00012401849336244185,13184786,6.501151084899902
114,743037,51889,0.07742691040039062,6.5457751750946045,0.00012614957264727792,13432529,6.6570069789886475
115,757300,52393,0.08083987236022949,6.641087055206299,0.00012675523553158435,13698232,6.75553297996521
116,768515,52781,0.07908082008361816,6.7327821254730225,0.00012756071551264702,13921994,6.847048997879028
117,780168,53136,0.08268094062805176,6.860792875289917,0.00012911760153737424,14145509,6.978986978530884
118,793683,53494,0.10985493659973145,6.997518062591553,0.0001308094003550221,14387824,7.143044948577881
119,808431,53843,0.07608890533447266,7.1090850830078125,0.00013203359922381392,14640946,7.220970869064331
120,821614,54215,0.0774390697479248,7.238791227340698,0.00013352008166265237,14893272,7.351996898651123
121,834709,54570,0.07843589782714844,7.3477301597595215,0.00013464779475461832,15140404,7.462349891662598
122,847863,54932,0.08186697959899902,7.484799861907959,0.0001362557318486121,15388137,7.60579776763916
123,861376,55213,0.08252215385437012,7.688029050827026,0.00013924309584385973,15641160,7.811461925506592
124,876485,55528,0.07913494110107422,7.717051982879639,0.00013897586772222372,15904588,7.83493185043335
125,891467,55893,0.07702183723449707,7.905331373214722,0.00014143687712620044,16178023,8.02177882194519
126,906129,56210,0.07712507247924805,8.100569009780884,0.00014411259579756065,16448325,8.218526124954224
127,921440,56515,0.0834650993347168,8.133548021316528,0.0001439183937240826,16723804,8.259592056274414
128,935082,56838,0.07697415351867676,8.233238697052002,0.0001448544758269468,16986110,8.351577043533325
